<?xml version="1.0" encoding="UTF-8"?>

<mule xmlns:context="http://www.springframework.org/schema/context" xmlns:json="http://www.mulesoft.org/schema/mule/json" xmlns:db="http://www.mulesoft.org/schema/mule/db" xmlns:http="http://www.mulesoft.org/schema/mule/http" xmlns="http://www.mulesoft.org/schema/mule/core" xmlns:doc="http://www.mulesoft.org/schema/mule/documentation"
	xmlns:spring="http://www.springframework.org/schema/beans" 
	xmlns:xsi="http://www.w3.org/2001/XMLSchema-instance"
	xsi:schemaLocation="http://www.springframework.org/schema/beans http://www.springframework.org/schema/beans/spring-beans-current.xsd
http://www.mulesoft.org/schema/mule/core http://www.mulesoft.org/schema/mule/core/current/mule.xsd
http://www.mulesoft.org/schema/mule/db http://www.mulesoft.org/schema/mule/db/current/mule-db.xsd
http://www.mulesoft.org/schema/mule/http http://www.mulesoft.org/schema/mule/http/current/mule-http.xsd
http://www.mulesoft.org/schema/mule/json http://www.mulesoft.org/schema/mule/json/current/mule-json.xsd
http://www.springframework.org/schema/context http://www.springframework.org/schema/context/spring-context-current.xsd">
    <http:listener-config name="HTTP_Listener_Configuration" host="0.0.0.0" port="8081" doc:name="HTTP Listener Configuration"/>
    <db:generic-config name="Generic_Database_Configuration" url="jdbc:sqlserver://${db.host};databaseName=${db.database};integratedSecurity=true" driverClassName="com.microsoft.sqlserver.jdbc.SQLServerDriver" doc:name="Generic Database Configuration"/>
    <context:property-placeholder location="environment.properties"/>
    <flow name="muleexamples.mssqlFlow">
        <http:listener config-ref="HTTP_Listener_Configuration" path="/" doc:name="HTTP"/>
        <db:select config-ref="Generic_Database_Configuration" doc:name="Database">
            <db:parameterized-query><![CDATA[SELECT TOP (10) *
  FROM [theDatabase].[theSchema].[theTable]]]></db:parameterized-query>
        </db:select>
        <json:object-to-json-transformer doc:name="Object to JSON"/>
    </flow>
</mule>
